pagina,producto,archivo
2,Jabón en Polvo Arcoiris 9kg,jabon-en-polvo-arcoiris-9kg.webp
2,Jabón en Polvo Blanca Nieves,jabon-en-polvo-blanca-nieves.webp
2,Jabón en Polvo Briloza,jabon-en-polvo-briloza.webp
2,Jabón en Polvo Foca,jabon-en-polvo-foca.webp
2,Cloritas,cloritas.webp
2,Guantes,guantes.webp
2,Envase 500ml,envase-500ml.webp
2,Envase 1L,envase-1l.webp
2,Guantes de Látex,guantes-de-latex.webp
3,Cubeta exprimidora,cubeta-exprimidora.webp
3,Cubeta exprimidora Jofel,cubeta-exprimidora-jofel.webp
3,Funda para mop,funda-para-mop.webp
3,Fibra esponja color,fibra-esponja-color.webp
3,Fibra esponja rasposa,fibra-esponja-rasposa.webp
3,Fibra verde económica,fibra-verde-economica.webp
3,Microfibra,microfibra.webp
3,Fibra metálica,fibra-metalica.webp
3,Esponja para carro,esponja-para-carro.webp
4,Esponja redonda para Armor All,esponja-redonda-para-armor-all.webp
4,Pistola atomizador,pistola-atomizador.webp
4,Bomba destapacaños,bomba-destapacanos.webp
4,Cepillo bola con base para WC,cepillo-bola-con-base-para-wc.webp
4,Escobeta corta PVC,escobeta-corta-pvc.webp
4,Cepillo plancha,cepillo-plancha.webp
4,Escobeta corta poliéster,escobeta-corta-poliester.webp
4,Cepillo poliéster,cepillo-poliester.webp
4,Cepillo práctico,cepillo-practico.webp
5,Bolsa camiseta,bolsa-camiseta.webp
5,Bolsa negra jumbo,bolsa-negra-jumbo.webp
5,Papel higiénico Level Pro,papel-higienico-level-pro.webp
5,Papel higiénico Adorable,papel-higienico-adorable.webp
5,Papel higiénico Dalia,papel-higienico-dalia.webp
5,Servilleta Dalia,servilleta-dalia.webp
5,Servilleta Greymoon,servilleta-greymoon.webp
5,Dispensador de aerosol programable,dispensador-de-aerosol-programable.webp
5,Wiese repuesto dispensador,wiese-repuesto-dispensador.webp
6,Tapetes para baños,tapetes-para-banos.webp
6,Pastillas para WC,pastillas-para-wc.webp
6,Pastilla Active Blue,pastilla-active-blue.webp
6,Wiese Active Gel,wiese-active-gel.webp
6,Aerosol aromatizante,aerosol-aromatizante.webp
6,Abrillantador de muebles,abrillantador-de-muebles.webp
6,Desinfectante aerosol,desinfectante-aerosol.webp
6,Desinfectante y eliminador de olores,desinfectante-y-eliminador-de-olores.webp
7,Fibra espiral metálica,fibra-espiral-metalica.webp
7,Fibra esponja,fibra-esponja.webp
7,Fibra con esponja,fibra-con-esponja.webp
7,Fibra blanca 3M,fibra-blanca-3m.webp
7,Fibra negra 3M,fibra-negra-3m.webp
7,Fibra verde jumbo,fibra-verde-jumbo.webp
7,Trapeador tela microfibra,trapeador-tela-microfibra.webp
7,Trapeador hilaza gris o colores,trapeador-hilaza-gris-o-colores.webp
7,Trapeador hilo suave,trapeador-hilo-suave.webp
8,Trapeador microfibra española,trapeador-microfibra-espanola.webp
8,Trapeador microtela colores,trapeador-microtela-colores.webp
8,Trapeador antibacterial,trapeador-antibacterial.webp
8,Escoba 6 hilos mijo,escoba-6-hilos-mijo.webp
8,Escoba 7 hilos mixta,escoba-7-hilos-mixta.webp
8,Escoba 8 hilos negra,escoba-8-hilos-negra.webp
8,Escoba 6 hilos mixta,escoba-6-hilos-mixta.webp
8,Escoba tipo cepillo,escoba-tipo-cepillo.webp
8,Mechudo para carro manual,mechudo-para-carro-manual.webp
9,Escoba abanico,escoba-abanico.webp
9,Escoba sinaloense,escoba-sinaloense.webp
9,Escoba Shaly,escoba-shaly.webp
9,Rastrillo de metal,rastrillo-de-metal.webp
9,Escoba coco premium,escoba-coco-premium.webp
9,Escoba coco,escoba-coco.webp
9,Rastrillo de plástico,rastrillo-de-plastico.webp
9,Jalador para pisos,jalador-para-pisos.webp
9,Base metálica para mop,base-metalica-para-mop.webp
10,Ganchos para ropa,ganchos-para-ropa.webp
10,Pinzas para ropa,pinzas-para-ropa.webp
10,Señalamiento para piso mojado,senalamiento-para-piso-mojado.webp
10,Higiénicos variedad de marcas,higienicos-variedad-de-marcas.webp
10,Despachadores variedad de marcas,despachadores-variedad-de-marcas.webp
11,Recogedor de lámina,recogedor-de-lamina.webp
11,Recogedor Dust Pro con sistema Dual,recogedor-dust-pro-con-sistema-dual.webp
11,Recogedor de plástico,recogedor-de-plastico.webp
11,Cubeta plástico,cubeta-plastico.webp
11,Bote de basura 120L con ruedas,bote-de-basura-120l-con-ruedas.webp
11,Cubeta con exprimidor 20L,cubeta-con-exprimidor-20l.webp
11,Paño Secatodo,pano-secatodo.webp
11,Guante microfibra,guante-microfibra.webp
11,Detergente líquido para telas finas,detergente-liquido-para-telas-finas.webp
12,Aceite para mop,aceite-para-mop.webp
12,Armor All azul,armor-all-azul.webp
12,Armor All blanco,armor-all-blanco.webp
12,Aromatizante ambiental,aromatizante-ambiental.webp
12,Cloro,cloro.webp
12,Cera líquida para carro,cera-liquida-para-carro.webp
12,Desmanchador para ropa de color,desmanchador-para-ropa-de-color.webp
12,Desengrasante industrial,desengrasante-industrial.webp
12,Desinfectante Alpha HP,desinfectante-alpha-hp.webp
13,Destapacaños,destapacanos.webp
13,Jabón para loza,jabon-para-loza.webp
13,Jabón líquido para ropa de color,jabon-liquido-para-ropa-de-color.webp
13,Eliminador de olores,eliminador-de-olores.webp
13,Gel antibacterial,gel-antibacterial.webp
13,Germicida,germicida.webp
13,Limpia cristales,limpia-cristales.webp
13,Multiusos,multiusos.webp
13,Quitacochambre,quitacochambre.webp
14,Sarricida,sarricida.webp
14,Silicream,silicream.webp
14,Suavizante de telas,suavizante-de-telas.webp
14,Shampoo para alfombra,shampoo-para-alfombra.webp
14,Shampoo para carro encerado,shampoo-para-carro-encerado.webp
14,Jabón para manos,jabon-para-manos.webp
14,Teflón para carro,teflon-para-carro.webp
14,Detergente para ropa blanca,detergente-para-ropa-blanca.webp
14,Detergente para ropa oscura,detergente-para-ropa-oscura.webp
